"","batch1","batch2"
"1","M70T100","M70T114"
"2","M70T594","M70T610"
"3","M71T795","M71T794_2"
"4","M72T373","M72T384"
"5","M72T592","M72T606"
"6","M74T399","M74T416"
"7","M74T151","M74T114"
"8","M76T644","M76T651"
"9","M76T525","M76T407"
"10","M76T292","M76T296"
"11","M76T669","M76T690"
"12","M76T259","M76T262"
"13","M76T606","M76T617"
"14","M77T603","M77T613"
"15","M78T790","M78T789"
"16","M79T130","M79T134"
"17","M79T675","M79T686"
"18","M80T129","M80T133"
"19","M80T425","M80T418"
"20","M81T289","M81T307"
"21","M81T663","M81T702"
"22","M81T485","M81T506"
"23","M81T106","M81T108"
"24","M81T668","M81T673"
"25","M82T327","M82T331"
"26","M82T485","M82T505"
"27","M82T795","M82T794"
"28","M83T591","M83T612"
"29","M83T371","M83T383"
"30","M83T102","M83T97"
"31","M83T512","M83T532"
"32","M85T580","M85T623"
"33","M85T320","M85T326"
"34","M86T501","M86T521"
"35","M86T239","M86T168"
"36","M87T253","M87T277"
"37","M88T113","M88T115"
"38","M89T978","M89T982"
"39","M90T119","M90T124"
"40","M90T345","M90T260"
"41","M90T499","M90T520"
"42","M91T412","M91T426"
"43","M92T610","M92T638"
"44","M93T296","M93T300"
"45","M93T112","M93T89"
"46","M93T604","M93T623"
"47","M93T676","M93T706"
"48","M93T795","M93T794"
"49","M93T349","M93T359"
"50","M94T400","M94T419"
"51","M94T695","M94T703"
"52","M94T284","M94T291"
"53","M94T513","M94T546"
"54","M95T399","M95T488"
"55","M95T120","M95T120"
"56","M96T696","M96T714"
"57","M96T398","M96T409"
"58","M96T296","M96T299"
"59","M96T127","M96T127"
"60","M97T790","M97T789_1"
"61","M97T375","M97T388"
"62","M97T491","M97T511"
"63","M97T243","M97T238"
"64","M99T277","M99T278"
"65","M100T223","M100T155"
"66","M101T517","M101T466"
"67","M101T334","M101T341"
"68","M103T285","M103T300"
"69","M103T526","M103T547"
"70","M104T116","M104T106"
"71","M104T526","M104T547"
"72","M105T398","M105T415_1"
"73","M105T730","M105T741"
"74","M105T636","M105T634"
"75","M105T513","M105T533"
"76","M106T469","M106T488"
"77","M107T400","M107T413"
"78","M107T982","M107T1015"
"79","M109T486","M109T505"
"80","M110T131","M110T121"
"81","M110T486","M110T507"
"82","M111T633","M111T537"
"83","M111T438","M111T455"
"84","M112T207","M112T209"
"85","M112T437","M112T388"
"86","M113T300","M113T310"
"87","M114T110","M114T111"
"88","M114T274","M114T281"
"89","M115T399","M115T415"
"90","M115T175","M115T175"
"91","M115T697","M115T702"
"92","M116T108","M116T108"
"93","M116T188","M116T199"
"94","M116T482","M116T515"
"95","M117T579","M117T642"
"96","M117T793","M117T755"
"97","M118T510","M118T531"
"98","M119T635","M119T627"
"99","M120T789","M120T810"
"100","M121T445","M121T463_2"
"101","M121T981","M121T981"
"102","M122T296","M122T304"
"103","M123T553","M123T575"
"104","M124T279","M124T222"
"105","M124T552","M124T539"
"106","M125T364","M125T378"
"107","M125T457","M125T476"
"108","M125T288","M125T294"
"109","M126T186","M126T189"
"110","M126T710","M126T714"
"111","M127T362","M127T373"
"112","M129T261","M129T273"
"113","M129T555","M129T584"
"114","M129T784","M129T764"
"115","M130T412","M130T430"
"116","M130T241","M130T232"
"117","M130T520","M130T519"
"118","M131T525","M131T610"
"119","M131T678","M131T686"
"120","M132T512","M132T524"
"121","M132T272","M132T276"
"122","M133T562","M133T661"
"123","M134T537","M134T550"
"124","M135T599","M135T639"
"125","M136T328","M136T338"
"126","M136T796","M136T792"
"127","M137T608","M137T603"
"128","M138T710","M138T714"
"129","M138T486","M138T444"
"130","M138T619","M138T525"
"131","M140T352","M140T395"
"132","M141T327","M141T287"
"133","M141T738","M141T764"
"134","M141T463","M141T483"
"135","M141T615","M141T628"
"136","M142T209","M142T118"
"137","M142T613","M142T629"
"138","M142T493","M142T511"
"139","M143T362","M143T368"
"140","M144T366","M144T376"
"141","M144T544","M144T574"
"142","M145T704","M145T701"
"143","M145T790","M145T791"
"144","M145T363","M145T377"
"145","M146T469","M146T487"
"146","M146T615","M146T651"
"147","M147T795","M147T817"
"148","M147T289","M147T294"
"149","M148T229","M148T141"
"150","M149T596","M149T611"
"151","M149T686","M149T677"
"152","M150T129","M150T165"
"153","M150T595","M150T613"
"154","M150T512","M150T527"
"155","M151T290","M151T360"
"156","M152T594","M152T611"
"157","M152T772","M152T785"
"158","M153T314","M153T372"
"159","M153T447","M153T551"
"160","M153T229","M153T232"
"161","M154T232","M154T235"
"162","M155T723","M155T721"
"163","M155T121","M155T121"
"164","M155T342","M155T353"
"165","M155T1045","M155T1052"
"166","M155T617","M155T631"
"167","M156T481_1","M156T500"
"168","M156T172","M156T155"
"169","M156T374","M156T389"
"170","M156T122","M156T112"
"171","M156T481_2","M156T501"
"172","M157T537","M157T554"
"173","M157T377","M157T387"
"174","M157T222","M157T224"
"175","M158T344","M158T225"
"176","M158T431","M158T547"
"177","M158T162","M158T157"
"178","M160T737","M160T793"
"179","M160T226","M160T276"
"180","M161T438","M161T487"
"181","M161T825","M161T748"
"182","M161T779","M161T777"
"183","M162T212","M162T201"
"184","M162T723","M162T721"
"185","M162T260","M162T256"
"186","M163T329","M163T211"
"187","M163T844","M163T837"
"188","M163T975","M163T980"
"189","M163T781","M163T710"
"190","M164T174","M164T169"
"191","M165T605","M165T603"
"192","M165T971","M165T978"
"193","M166T501","M166T523"
"194","M166T185","M166T303"
"195","M167T489","M167T517"
"196","M167T604","M167T621"
"197","M167T286","M167T299"
"198","M167T389","M167T440"
"199","M168T124","M168T146"
"200","M168T279","M168T292"
"201","M168T597","M168T617"
"202","M169T722","M169T721"
"203","M170T263","M170T265"
"204","M170T116","M170T116"
"205","M170T314","M170T320_1"
"206","M170T211","M170T208"
"207","M170T493","M170T527"
"208","M170T312","M170T320_2"
"209","M170T396","M170T417"
"210","M172T208","M172T204"
"211","M172T421","M172T439"
"212","M172T379","M172T296"
"213","M172T758","M172T780"
"214","M173T475","M173T506"
"215","M175T183","M175T186"
"216","M175T558","M175T577"
"217","M175T794","M175T780"
"218","M175T620","M175T637"
"219","M175T695","M175T719"
"220","M176T556","M176T577"
"221","M177T526","M177T546"
"222","M177T497","M177T518"
"223","M178T434","M178T544"
"224","M179T712","M179T700"
"225","M180T100","M180T107"
"226","M180T372","M180T385"
"227","M180T650","M180T644"
"228","M181T421","M181T439"
"229","M181T367","M181T389"
"230","M181T659","M181T673"
"231","M181T279","M181T298"
"232","M182T499","M182T519"
"233","M183T527","M183T543"
"234","M183T605","M183T625"
"235","M183T332","M183T306"
"236","M183T517","M183T548"
"237","M184T586","M184T599_1"
"238","M184T136","M184T140"
"239","M184T311","M184T409"
"240","M184T668","M184T677"
"241","M185T305","M185T309"
"242","M185T236","M185T237"
"243","M186T364","M186T377"
"244","M186T624","M186T534"
"245","M187T1100","M187T1081"
"246","M187T614","M187T692"
"247","M188T421","M188T439"
"248","M188T494","M188T441"
"249","M188T98","M188T113"
"250","M189T263","M189T244"
"251","M189T493","M189T516"
"252","M190T376","M190T388"
"253","M190T795","M190T796"
"254","M191T610","M191T619"
"255","M191T687","M191T694"
"256","M191T137","M191T131"
"257","M191T592","M191T608"
"258","M191T804","M191T793"
"259","M191T319","M191T326"
"260","M192T517","M192T537"
"261","M192T445","M192T463"
"262","M193T264","M193T264"
"263","M193T507","M193T503"
"264","M193T494","M193T536"
"265","M193T608","M193T623"
"266","M194T236","M194T240"
"267","M195T974","M195T980"
"268","M195T576","M195T591"
"269","M195T472","M195T485"
"270","M196T582","M196T596"
"271","M196T688","M196T691"
"272","M196T597","M196T611"
"273","M196T691","M196T697"
"274","M197T421","M197T439"
"275","M197T722","M197T719"
"276","M197T767","M197T775"
"277","M197T344","M197T456"
"278","M198T344","M198T352"
"279","M198T658","M198T556"
"280","M199T548","M199T565"
"281","M199T183","M199T190"
"282","M199T898","M199T887"
"283","M200T896","M200T859"
"284","M201T310","M201T315"
"285","M201T999","M201T1003"
"286","M201T361","M201T446"
"287","M201T112","M201T133"
"288","M202T170","M202T169"
"289","M202T391","M202T430"
"290","M202T267","M202T271"
"291","M202T616","M202T582"
"292","M202T523","M202T520"
"293","M202T399","M202T418"
"294","M203T273","M203T282"
"295","M203T120","M203T123"
"296","M203T795","M203T775"
"297","M204T711","M204T693"
"298","M204T384","M204T502"
"299","M204T165","M204T123"
"300","M205T209","M205T93"
"301","M205T569","M205T582"
"302","M205T642","M205T737"
"303","M205T756","M205T691"
"304","M205T842","M205T814"
"305","M206T328","M206T337"
"306","M206T171","M206T166"
"307","M207T602","M207T622"
"308","M207T594","M207T510"
"309","M207T726","M207T732"
"310","M207T120","M207T107"
"311","M208T491","M208T509"
"312","M208T135","M208T134"
"313","M208T592","M208T615"
"314","M209T383","M209T359"
"315","M209T692","M209T744"
"316","M210T307","M210T313"
"317","M210T277","M210T278"
"318","M210T380","M210T394"
"319","M210T247","M210T256"
"320","M211T281","M211T285"
"321","M211T378_1","M211T391"
"322","M212T272","M212T281"
"323","M212T585","M212T602"
"324","M212T506","M212T525"
"325","M213T600","M213T578"
"326","M213T725","M213T696_2"
"327","M213T130","M213T134"
"328","M214T171","M214T276"
"329","M214T458","M214T463"
"330","M214T589","M214T602"
"331","M214T194","M214T190"
"332","M215T438","M215T498"
"333","M216T328","M216T330"
"334","M216T497","M216T536"
"335","M216T162","M216T137"
"336","M217T481","M217T500"
"337","M217T438","M217T526"
"338","M217T691","M217T696"
"339","M218T250","M218T247"
"340","M218T464","M218T483"
"341","M218T537","M218T554"
"342","M218T443","M218T405"
"343","M218T620","M218T663"
"344","M218T461","M218T519"
"345","M219T273","M219T280"
"346","M219T430","M219T448"
"347","M220T215","M220T98"
"348","M220T132","M220T202"
"349","M221T676","M221T757"
"350","M221T663","M221T673"
"351","M221T227","M221T226"
"352","M222T216","M222T214"
"353","M222T391","M222T404"
"354","M222T656","M222T651"
"355","M222T569","M222T581"
"356","M222T793","M222T788"
"357","M223T977","M223T980"
"358","M223T188","M223T186"
"359","M223T645","M223T671"
"360","M223T479","M223T503"
"361","M224T272","M224T282"
"362","M224T619","M224T509"
"363","M224T403","M224T412"
"364","M224T973","M224T983"
"365","M225T350","M225T363"
"366","M225T634","M225T565"
"367","M225T530","M225T557"
"368","M225T373","M225T386"
"369","M225T305","M225T311"
"370","M226T645","M226T662"
"371","M227T524","M227T539"
"372","M227T437","M227T531"
"373","M227T590","M227T680"
"374","M227T584","M227T618"
"375","M227T464","M227T484"
"376","M227T268","M227T275"
"377","M228T614","M228T627"
"378","M229T212","M229T207"
"379","M229T349","M229T359"
"380","M229T622","M229T606"
"381","M229T178","M229T168"
"382","M229T445","M229T459"
"383","M229T375","M229T387"
"384","M230T399","M230T412"
"385","M230T313","M230T323"
"386","M230T176","M230T177"
"387","M230T108","M230T105"
"388","M230T248","M230T252"
"389","M230T814","M230T809"
"390","M231T444","M231T463"
"391","M232T250","M232T249"
"392","M232T468","M232T392"
"393","M232T648","M232T666"
"394","M232T159","M232T160"
"395","M233T273","M233T283"
"396","M233T319","M233T326"
"397","M233T379","M233T393"
"398","M233T576","M233T523"
"399","M235T304","M235T311"
"400","M235T438","M235T352"
"401","M235T819_1","M235T813"
"402","M236T544","M236T564"
"403","M237T432","M237T466"
"404","M237T695","M237T698"
"405","M237T209","M237T201"
"406","M238T243","M238T241"
"407","M238T339","M238T360"
"408","M238T393","M238T414"
"409","M238T187","M238T191"
"410","M238T652","M238T662"
"411","M238T713","M238T718"
"412","M238T555","M238T569"
"413","M238T385","M238T436"
"414","M239T458","M239T476"
"415","M240T518","M240T402"
"416","M240T537","M240T559"
"417","M241T286","M241T201"
"418","M241T672","M241T689"
"419","M242T267","M242T270"
"420","M242T503","M242T521"
"421","M243T245","M243T253"
"422","M243T367","M243T377"
"423","M243T108","M243T112"
"424","M243T224","M243T226"
"425","M243T327","M243T344"
"426","M243T628","M243T639"
"427","M243T530","M243T557"
"428","M244T526","M244T542"
"429","M244T293","M244T302"
"430","M244T554","M244T548"
"431","M244T279","M244T277"
"432","M245T296","M245T301"
"433","M245T515","M245T459"
"434","M245T346","M245T384"
"435","M245T437","M245T533"
"436","M245T493","M245T513"
"437","M246T128","M246T120"
"438","M246T673","M246T685"
"439","M246T218","M246T212"
"440","M247T130","M247T132"
"441","M247T679","M247T684"
"442","M247T601","M247T617"
"443","M248T421","M248T438"
"444","M248T434","M248T506"
"445","M248T671","M248T678"
"446","M248T142","M248T144"
"447","M248T598","M248T610"
"448","M248T490","M248T515"
"449","M249T344","M249T336"
"450","M249T758","M249T852"
"451","M249T672","M249T679"
"452","M249T305","M249T308"
"453","M250T133","M250T123"
"454","M250T592_1","M250T606"
"455","M251T387","M251T401"
"456","M251T229","M251T234"
"457","M252T450","M252T458"
"458","M252T731","M252T674"
"459","M253T351","M253T361"
"460","M253T526","M253T543"
"461","M253T311","M253T389"
"462","M253T443","M253T459"
"463","M253T581","M253T682"
"464","M254T514","M254T533"
"465","M254T661","M254T667"
"466","M254T250","M254T242"
"467","M254T424","M254T446"
"468","M254T594","M254T612"
"469","M254T314","M254T320"
"470","M254T109","M254T102"
"471","M255T646","M255T661"
"472","M256T126","M256T125"
"473","M257T688","M257T691"
"474","M257T423","M257T437"
"475","M257T113","M257T112"
"476","M257T259","M257T369"
"477","M257T933","M257T912"
"478","M258T301","M258T309"
"479","M258T722","M258T720"
"480","M258T523","M258T545"
"481","M258T640","M258T638"
"482","M258T372","M258T369"
"483","M258T541","M258T562"
"484","M258T792","M258T781"
"485","M259T363","M259T373"
"486","M259T716","M259T714"
"487","M259T442","M259T383"
"488","M259T581","M259T601"
"489","M259T954","M259T960"
"490","M259T545","M259T564"
"491","M260T372","M260T383"
"492","M260T536","M260T555"
"493","M260T567","M260T585"
"494","M260T663","M260T677"
"495","M261T457","M261T476"
"496","M261T586","M261T599"
"497","M261T529","M261T554"
"498","M261T477","M261T498"
"499","M261T607","M261T626"
"500","M261T726","M261T728"
"501","M261T263","M261T254"
"502","M263T450","M263T449"
"503","M263T222","M263T227"
"504","M263T373","M263T387"
"505","M263T290","M263T299"
"506","M263T121","M263T105"
"507","M263T610","M263T690"
"508","M264T123","M264T133"
"509","M265T493","M265T514"
"510","M265T114","M265T120"
"511","M265T272","M265T277"
"512","M265T386","M265T394"
"513","M265T577","M265T605"
"514","M265T110","M265T107"
"515","M265T394","M265T410"
"516","M265T268","M265T271"
"517","M266T581","M266T593"
"518","M266T313","M266T322"
"519","M266T649","M266T612"
"520","M266T395","M266T412"
"521","M267T767","M267T764"
"522","M267T388","M267T403"
"523","M267T630","M267T643"
"524","M267T389","M267T298"
"525","M268T315","M268T340"
"526","M268T216","M268T144"
"527","M268T291","M268T312"
"528","M268T211","M268T208"
"529","M269T294","M269T303"
"530","M269T373","M269T404"
"531","M269T730","M269T711"
"532","M269T117","M269T122"
"533","M269T364","M269T384"
"534","M270T120","M270T122"
"535","M270T262","M270T275"
"536","M272T105","M272T108"
"537","M272T581","M272T598"
"538","M272T658","M272T683"
"539","M273T430","M273T445"
"540","M273T516","M273T536"
"541","M273T651","M273T643"
"542","M273T477","M273T493"
"543","M274T189","M274T182"
"544","M274T391","M274T442"
"545","M274T128","M274T114"
"546","M274T284","M274T210"
"547","M274T741","M274T727"
"548","M274T137","M274T138"
"549","M275T298","M275T296"
"550","M275T521","M275T544"
"551","M275T731","M275T639"
"552","M275T530","M275T549"
"553","M275T453","M275T471"
"554","M276T346","M276T345"
"555","M276T484","M276T474"
"556","M276T156","M276T173"
"557","M276T592","M276T610"
"558","M276T359","M276T367"
"559","M276T193","M276T189"
"560","M277T518","M277T540"
"561","M277T327","M277T317"
"562","M277T527","M277T548"
"563","M277T633","M277T703"
"564","M278T298","M278T192"
"565","M278T373","M278T367"
"566","M278T621","M278T643"
"567","M279T284","M279T286"
"568","M279T328","M279T336"
"569","M280T363","M280T378"
"570","M280T210","M280T213"
"571","M281T445","M281T463"
"572","M282T385","M282T501"
"573","M282T187","M282T151"
"574","M282T126_2","M282T129"
"575","M283T289","M283T297"
"576","M283T122","M283T117"
"577","M283T275","M283T247"
"578","M283T136","M283T143"
"579","M284T291","M284T217"
"580","M284T135","M284T139"
"581","M284T275","M284T278"
"582","M285T493","M285T447"
"583","M285T262","M285T278"
"584","M285T514","M285T530"
"585","M285T570","M285T637"
"586","M286T589","M286T602"
"587","M286T436","M286T452"
"588","M286T491","M286T509"
"589","M286T782","M286T768"
"590","M286T558","M286T572"
"591","M287T479","M287T489"
"592","M287T754","M287T749"
"593","M288T161","M288T162"
"594","M288T261","M288T289"
"595","M289T288","M289T296"
"596","M290T362","M290T476"
"597","M290T517","M290T538"
"598","M290T622","M290T639"
"599","M290T581","M290T598"
"600","M290T453","M290T512"
"601","M291T593","M291T611"
"602","M292T977","M292T977"
"603","M292T697","M292T703"
"604","M292T241","M292T238"
"605","M292T805","M292T821"
"606","M293T545","M293T559"
"607","M293T589","M293T599"
"608","M294T358","M294T394"
"609","M294T192","M294T116"
"610","M294T256","M294T254"
"611","M295T468","M295T488"
"612","M295T284","M295T291"
"613","M296T361","M296T370"
"614","M296T405","M296T450"
"615","M296T207","M296T92"
"616","M296T675","M296T683"
"617","M296T465","M296T489"
"618","M297T157","M297T159"
"619","M297T302","M297T281"
"620","M297T548","M297T652"
"621","M298T235","M298T231"
"622","M299T326","M299T326"
"623","M299T541","M299T563"
"624","M300T284","M300T292"
"625","M300T201","M300T207"
"626","M300T409","M300T453"
"627","M300T136","M300T135"
"628","M300T214","M300T309"
"629","M300T603","M300T614"
"630","M301T309","M301T312"
"631","M302T369","M302T380"
"632","M302T366","M302T377"
"633","M302T276","M302T281"
"634","M302T533","M302T556"
"635","M302T837","M302T789"
"636","M303T131","M303T117"
"637","M303T652","M303T661"
"638","M303T520","M303T539"
"639","M304T354","M304T287"
"640","M304T274","M304T357"
"641","M304T435","M304T359"
"642","M305T460","M305T481"
"643","M305T353","M305T338"
"644","M305T357","M305T441"
"645","M306T388","M306T406"
"646","M306T332","M306T339"
"647","M306T146","M306T145"
"648","M307T370","M307T296"
"649","M307T266","M307T248"
"650","M308T528","M308T551"
"651","M308T626","M308T650"
"652","M308T575","M308T587"
"653","M308T675","M308T685"
"654","M309T480","M309T496"
"655","M309T450","M309T468"
"656","M309T536","M309T556"
"657","M309T476","M309T500"
"658","M309T285","M309T294"
"659","M310T107","M310T110"
"660","M310T296","M310T257"
"661","M310T389","M310T407"
"662","M310T486","M310T504"
"663","M311T610","M311T628"
"664","M312T325","M312T334"
"665","M312T156","M312T158"
"666","M312T336","M312T379"
"667","M313T120","M313T117"
"668","M313T752","M313T635"
"669","M313T829","M313T917"
"670","M314T655","M314T670"
"671","M314T292","M314T225"
"672","M315T613","M315T673"
"673","M316T209","M316T215"
"674","M316T561","M316T568"
"675","M316T705","M316T702"
"676","M317T431","M317T449"
"677","M317T213","M317T214"
"678","M318T377","M318T391"
"679","M318T575","M318T596"
"680","M318T812","M318T789"
"681","M319T669","M319T664"
"682","M319T761","M319T752"
"683","M319T396","M319T417"
"684","M319T773","M319T788"
"685","M320T343","M320T352"
"686","M320T563","M320T579"
"687","M320T103","M320T117"
"688","M320T790","M320T783"
"689","M321T516","M321T568"
"690","M321T260","M321T262"
"691","M322T213","M322T204"
"692","M322T390","M322T403"
"693","M322T464","M322T477"
"694","M322T254","M322T250"
"695","M323T366","M323T379"
"696","M323T285","M323T286"
"697","M323T553","M323T567"
"698","M323T777","M323T775"
"699","M324T111","M324T114"
"700","M324T422","M324T439"
"701","M324T554","M324T576"
"702","M324T448","M324T465"
"703","M325T214","M325T213"
"704","M325T370","M325T371"
"705","M326T306","M326T311"
"706","M326T618","M326T670"
"707","M327T432","M327T448"
"708","M327T497","M327T519"
"709","M327T212","M327T225"
"710","M327T452","M327T469"
"711","M327T325","M327T338"
"712","M327T561","M327T579"
"713","M327T128","M327T131"
"714","M328T425","M328T448"
"715","M328T176","M328T169"
"716","M328T452","M328T471"
"717","M329T425","M329T439"
"718","M329T597","M329T600"
"719","M329T693","M329T701"
"720","M329T570","M329T584"
"721","M330T162","M330T269"
"722","M330T401","M330T415"
"723","M330T486","M330T502"
"724","M331T497_1","M331T519"
"725","M331T273","M331T283"
"726","M332T259","M332T162"
"727","M332T349","M332T362"
"728","M332T342","M332T352"
"729","M332T450","M332T427"
"730","M333T280","M333T285"
"731","M333T531","M333T549"
"732","M334T530","M334T549"
"733","M335T547","M335T559"
"734","M335T358","M335T375"
"735","M335T748","M335T747"
"736","M335T644","M335T657"
"737","M336T200","M336T204"
"738","M336T632","M336T644"
"739","M337T699","M337T710"
"740","M337T525","M337T545_2"
"741","M337T438","M337T454"
"742","M338T115","M338T210"
"743","M338T939","M338T961"
"744","M339T655","M339T671"
"745","M340T316","M340T322"
"746","M340T646","M340T707"
"747","M340T143","M340T151"
"748","M340T94","M340T100"
"749","M341T195","M341T192"
"750","M341T427","M341T445"
"751","M341T594","M341T636"
"752","M342T432","M342T439"
"753","M342T419","M342T458"
"754","M342T617","M342T620"
"755","M343T127","M343T130"
"756","M343T138","M343T132"
"757","M343T278","M343T274"
"758","M343T646","M343T655"
"759","M344T656","M344T665"
"760","M344T451","M344T471"
"761","M344T378","M344T389"
"762","M344T239","M344T231"
"763","M345T462","M345T484"
"764","M345T130","M345T131"
"765","M346T680","M346T595"
"766","M346T810","M346T691"
"767","M347T377","M347T390"
"768","M347T293","M347T330"
"769","M347T749","M347T709"
"770","M347T608","M347T622"
"771","M347T487","M347T448"
"772","M347T229","M347T257"
"773","M348T134","M348T127"
"774","M349T329","M349T409"
"775","M349T156","M349T100"
"776","M349T450","M349T468"
"777","M349T314","M349T319"
"778","M349T172","M349T246"
"779","M350T663","M350T747"
"780","M351T312","M351T320"
"781","M351T561","M351T467"
"782","M351T124","M351T127"
"783","M352T670","M352T677"
"784","M352T131","M352T127"
"785","M352T262","M352T213"
"786","M353T308","M353T379"
"787","M354T636","M354T646"
"788","M354T356","M354T446"
"789","M354T814","M354T811"
"790","M355T537","M355T549"
"791","M355T280","M355T288"
"792","M355T753","M355T750"
"793","M355T636","M355T652"
"794","M355T764","M355T747"
"795","M356T666","M356T668"
"796","M356T345","M356T356"
"797","M357T286","M357T308"
"798","M357T759","M357T653"
"799","M357T268","M357T327"
"800","M357T770","M357T784"
"801","M358T171","M358T164"
"802","M358T469","M358T514"
"803","M358T213","M358T211"
"804","M359T370","M359T383"
"805","M359T374","M359T301"
"806","M359T554","M359T604"
"807","M359T214","M359T210"
"808","M360T575","M360T589"
"809","M360T463","M360T480"
"810","M360T346","M360T397"
"811","M360T655","M360T663"
"812","M360T756","M360T768"
"813","M360T688","M360T682"
"814","M360T773","M360T769"
"815","M361T345","M361T320"
"816","M361T605","M361T639"
"817","M361T681","M361T683"
"818","M362T374","M362T386"
"819","M362T309","M362T368"
"820","M362T665","M362T677"
"821","M363T342","M363T269"
"822","M363T644","M363T644"
"823","M363T439","M363T455"
"824","M364T401","M364T418"
"825","M364T117","M364T180"
"826","M364T716","M364T727"
"827","M364T618","M364T633"
"828","M365T529","M365T538"
"829","M365T381","M365T411"
"830","M365T744","M365T742"
"831","M365T621","M365T635"
"832","M365T501","M365T522"
"833","M366T261","M366T263"
"834","M366T517","M366T521"
"835","M366T598","M366T656"
"836","M366T183","M366T186"
"837","M366T630","M366T641"
"838","M367T602","M367T619"
"839","M368T263","M368T268"
"840","M368T264","M368T269"
"841","M368T621","M368T619"
"842","M368T134","M368T133"
"843","M368T776","M368T782"
"844","M369T601","M369T523"
"845","M369T768","M369T756"
"846","M370T734","M370T820"
"847","M370T160","M370T159"
"848","M370T703","M370T704"
"849","M371T611","M371T633"
"850","M372T321","M372T331"
"851","M372T580","M372T610"
"852","M372T440","M372T507"
"853","M372T730","M372T735"
"854","M372T628","M372T637"
"855","M373T373","M373T314"
"856","M373T566","M373T587"
"857","M373T766","M373T762"
"858","M373T670","M373T588"
"859","M374T125","M374T125"
"860","M374T607","M374T601"
"861","M374T773","M374T681"
"862","M375T437","M375T472"
"863","M375T603","M375T600"
"864","M376T156","M376T159"
"865","M376T573","M376T599"
"866","M377T319","M377T362"
"867","M377T495","M377T515"
"868","M377T277","M377T282"
"869","M377T581","M377T598"
"870","M377T571","M377T585"
"871","M378T302_1","M378T287"
"872","M378T298","M378T334"
"873","M378T739","M378T753"
"874","M378T415","M378T431_2"
"875","M378T656","M378T668"
"876","M378T565","M378T585"
"877","M378T302_2","M378T302"
"878","M379T257","M379T264"
"879","M379T681","M379T699"
"880","M379T584","M379T611"
"881","M380T511","M380T527"
"882","M380T466","M380T492"
"883","M380T623","M380T606"
"884","M380T136","M380T233"
"885","M381T264","M381T273"
"886","M382T585","M382T599"
"887","M382T338","M382T332"
"888","M382T118","M382T99"
"889","M382T213","M382T213"
"890","M383T145","M383T154"
"891","M383T497","M383T517"
"892","M383T136","M383T138"
"893","M384T462","M384T357"
"894","M384T715","M384T630"
"895","M384T847","M384T839"
"896","M384T440","M384T457"
"897","M384T508","M384T528"
"898","M384T379","M384T392"
"899","M385T284","M385T292"
"900","M385T358","M385T370"
"901","M385T807","M385T778"
"902","M386T280","M386T309"
"903","M386T444","M386T459"
"904","M386T176","M386T181"
"905","M386T483","M386T497"
"906","M386T695","M386T704"
"907","M386T141","M386T144"
"908","M386T234","M386T233"
"909","M387T319","M387T241"
"910","M387T496","M387T546"
"911","M387T615","M387T627"
"912","M387T296","M387T301"
"913","M388T521","M388T536"
"914","M388T371","M388T383"
"915","M388T232","M388T236"
"916","M388T709","M388T694"
"917","M388T473","M388T492"
"918","M388T546","M388T561"
"919","M389T427","M389T447"
"920","M389T370","M389T268"
"921","M390T353","M390T366"
"922","M390T303","M390T401"
"923","M391T571","M391T588"
"924","M391T443","M391T454"
"925","M391T691","M391T697"
"926","M391T795","M391T878"
"927","M392T99","M392T102"
"928","M392T288","M392T295"
"929","M392T292","M392T364"
"930","M392T144","M392T145"
"931","M393T328","M393T370"
"932","M393T187","M393T186"
"933","M393T729","M393T732"
"934","M393T474","M393T491"
"935","M393T600","M393T616"
"936","M394T367","M394T377"
"937","M394T685","M394T695"
"938","M394T500","M394T516"
"939","M394T290","M394T308"
"940","M395T263","M395T266"
"941","M396T391","M396T445"
"942","M396T624","M396T639"
"943","M396T723","M396T729"
"944","M397T484","M397T511"
"945","M397T171","M397T165"
"946","M398T354","M398T305"
"947","M399T296","M399T380"
"948","M399T677","M399T692"
"949","M399T475","M399T531"
"950","M400T306","M400T318"
"951","M400T656","M400T666"
"952","M401T374","M401T408"
"953","M401T463","M401T493"
"954","M401T556","M401T575"
"955","M401T725","M401T610"
"956","M402T725","M402T686"
"957","M402T379","M402T477"
"958","M403T472","M403T486"
"959","M403T726","M403T702"
"960","M403T685","M403T686"
"961","M403T777","M403T775"
"962","M403T618","M403T595_2"
"963","M404T660","M404T727"
"964","M405T371","M405T467"
"965","M405T261","M405T255"
"966","M406T134","M406T135"
"967","M406T847","M406T847"
"968","M407T268","M407T275"
"969","M407T342","M407T334"
"970","M407T529","M407T553"
"971","M407T460","M407T488"
"972","M407T145","M407T136"
"973","M407T606","M407T622"
"974","M408T464","M408T484"
"975","M408T203","M408T196"
"976","M409T349","M409T370"
"977","M409T335","M409T344"
"978","M409T575","M409T595"
"979","M410T108","M410T94"
"980","M410T576","M410T602"
"981","M410T820","M410T739"
"982","M411T546","M411T638"
"983","M411T283","M411T284"
"984","M412T331","M412T343"
"985","M412T545","M412T551"
"986","M412T773","M412T772"
"987","M413T581","M413T518"
"988","M414T609","M414T621"
"989","M414T318","M414T347"
"990","M415T758","M415T768"
"991","M415T765","M415T761"
"992","M415T493","M415T512"
"993","M416T378","M416T322"
"994","M416T735","M416T737"
"995","M416T412","M416T430"
"996","M416T270","M416T278"
"997","M416T844","M416T915"
"998","M416T765","M416T762"
"999","M417T412","M417T431"
"1000","M417T465","M417T484"
"1001","M417T651","M417T624"
"1002","M417T411","M417T422"
"1003","M417T527","M417T533"
"1004","M417T146","M417T147"
"1005","M418T277","M418T284"
"1006","M418T562","M418T579"
"1007","M418T297","M418T332"
"1008","M418T653","M418T670"
"1009","M418T109","M418T113"
"1010","M419T363","M419T374"
"1011","M419T673","M419T687"
"1012","M419T737","M419T734"
"1013","M420T319","M420T326"
"1014","M420T658","M420T668"
"1015","M420T436","M420T394"
"1016","M420T736","M420T736"
"1017","M420T670","M420T685"
"1018","M421T503","M421T520"
"1019","M421T372","M421T486"
"1020","M421T618","M421T636"
"1021","M422T215","M422T328"
"1022","M422T777","M422T775"
"1023","M423T619","M423T634"
"1024","M423T286","M423T312"
"1025","M423T377","M423T385"
"1026","M424T271","M424T275"
"1027","M424T151","M424T141"
"1028","M424T597","M424T645"
"1029","M424T780","M424T774"
"1030","M424T289","M424T277"
"1031","M425T337","M425T347"
"1032","M425T661","M425T701"
"1033","M426T594","M426T611"
"1034","M426T695_1","M426T700"
"1035","M426T112","M426T113"
"1036","M426T497","M426T500"
"1037","M426T832","M426T806"
"1038","M427T431","M427T448"
"1039","M427T327","M427T356"
"1040","M427T530","M427T637"
"1041","M427T171","M427T166"
"1042","M428T274","M428T271"
"1043","M428T604","M428T620"
"1044","M428T183","M428T284"
"1045","M428T568","M428T597"
"1046","M429T287","M429T295"
"1047","M430T276","M430T269"
"1048","M430T640","M430T687"
"1049","M430T180","M430T170"
"1050","M431T473_1","M431T495"
"1051","M431T574","M431T592"
"1052","M431T268","M431T274"
"1053","M431T134","M431T149"
"1054","M432T298","M432T317"
"1055","M432T209","M432T205"
"1056","M432T494","M432T516"
"1057","M432T766","M432T793"
"1058","M433T436","M433T401"
"1059","M433T300","M433T307"
"1060","M433T777","M433T774"
"1061","M435T346","M435T317"
"1062","M435T174","M435T153"
"1063","M435T826","M435T823"
"1064","M436T272","M436T278_1"
"1065","M436T542","M436T564"
"1066","M436T406","M436T419"
"1067","M436T745","M436T753"
"1068","M437T355","M437T417"
"1069","M437T223","M437T223"
"1070","M437T723","M437T725"
"1071","M437T494_2","M437T513"
"1072","M438T441","M438T458"
"1073","M438T717","M438T715"
"1074","M439T637","M439T652"
"1075","M439T700","M439T708"
"1076","M440T341","M440T353"
"1077","M440T556","M440T571"
"1078","M440T486","M440T494"
"1079","M441T312","M441T318"
"1080","M441T533","M441T553"
"1081","M441T746","M441T755"
"1082","M441T168","M441T158"
"1083","M441T381","M441T392"
"1084","M442T315","M442T308"
"1085","M442T646","M442T658"
"1086","M443T264","M443T282"
"1087","M443T355","M443T368"
"1088","M443T700","M443T715"
"1089","M443T479","M443T500"
"1090","M443T257","M443T262"
"1091","M443T144","M443T147"
"1092","M444T491","M444T549"
"1093","M444T143","M444T141"
"1094","M444T795","M444T794"
"1095","M445T271","M445T213"
"1096","M446T601","M446T625"
"1097","M446T502","M446T522"
"1098","M446T708","M446T737"
"1099","M446T632","M446T580"
"1100","M446T484","M446T504"
"1101","M447T461","M447T480"
"1102","M447T468","M447T496"
"1103","M447T386","M447T402"
"1104","M447T148","M447T151"
"1105","M447T638","M447T636"
"1106","M448T474","M448T497"
"1107","M448T683","M448T626"
"1108","M448T347","M448T355"
"1109","M450T269","M450T274"
"1110","M450T379","M450T392"
"1111","M450T165","M450T171"
"1112","M451T441","M451T458"
"1113","M451T486","M451T506"
"1114","M452T195","M452T266"
"1115","M452T593","M452T611"
"1116","M452T697","M452T688"
"1117","M453T474","M453T503"
"1118","M453T353","M453T389"
"1119","M453T593","M453T596"
"1120","M454T321","M454T313"
"1121","M454T611","M454T730"
"1122","M454T379","M454T392"
"1123","M455T609","M455T640"
"1124","M455T379","M455T392"
"1125","M455T628","M455T659"
"1126","M455T785","M455T804"
"1127","M456T626","M456T652"
"1128","M456T418","M456T434"
"1129","M456T728","M456T728"
"1130","M457T324","M457T332"
"1131","M457T314","M457T303"
"1132","M457T193","M457T189"
"1133","M457T268","M457T275"
"1134","M458T324","M458T333"
"1135","M458T379_1","M458T393"
"1136","M458T604","M458T610"
"1137","M458T379_2","M458T373"
"1138","M458T277","M458T277"
"1139","M458T744","M458T739"
"1140","M458T583","M458T597"
"1141","M459T302","M459T308"
"1142","M459T379","M459T392"
"1143","M459T507","M459T523"
"1144","M459T319","M459T324"
"1145","M459T600","M459T615"
"1146","M459T436","M459T453"
"1147","M459T154","M459T141"
"1148","M459T738","M459T781"
"1149","M459T511","M459T546"
"1150","M460T241","M460T249"
"1151","M460T510","M460T522"
"1152","M461T586","M461T602"
"1153","M461T725","M461T724"
"1154","M461T641","M461T651"
"1155","M461T545","M461T559"
"1156","M461T727","M461T794"
"1157","M462T731","M462T744"
"1158","M462T795_2","M462T693"
"1159","M463T112","M463T93"
"1160","M463T705","M463T710"
"1161","M463T500","M463T529"
"1162","M463T149","M463T149"
"1163","M464T390","M464T405"
"1164","M464T613","M464T629"
"1165","M464T518","M464T538"
"1166","M464T706","M464T739"
"1167","M465T379","M465T392"
"1168","M465T611","M465T611"
"1169","M466T153","M466T140"
"1170","M466T701","M466T713"
"1171","M466T245","M466T210"
"1172","M466T713","M466T687"
"1173","M467T115","M467T86"
"1174","M467T687","M467T697"
"1175","M467T595","M467T617"
"1176","M467T730","M467T732"
"1177","M468T373","M468T389"
"1178","M468T730","M468T734"
"1179","M468T279","M468T284"
"1180","M468T932","M468T874"
"1181","M469T307","M469T315"
"1182","M469T537","M469T484"
"1183","M469T451","M469T372"
"1184","M469T210","M469T177"
"1185","M469T622","M469T638"
"1186","M470T623","M470T641"
"1187","M470T322","M470T379"
"1188","M470T761","M470T760"
"1189","M471T309","M471T335"
"1190","M472T268","M472T275"
"1191","M472T622","M472T634"
"1192","M472T306","M472T313"
"1193","M473T287","M473T276_2"
"1194","M473T579","M473T592"
"1195","M473T932","M473T928"
"1196","M473T245","M473T245"
"1197","M473T771","M473T780"
"1198","M474T243","M474T242"
"1199","M474T652","M474T671"
"1200","M474T577","M474T594"
"1201","M474T932","M474T922"
"1202","M475T373","M475T384"
"1203","M475T492","M475T502"
"1204","M475T723","M475T752"
"1205","M476T276","M476T276"
"1206","M476T544","M476T565"
"1207","M476T773","M476T768"
"1208","M476T510","M476T529"
"1209","M477T617","M477T634"
"1210","M477T705","M477T768"
"1211","M477T778","M477T780"
"1212","M477T647","M477T661"
"1213","M477T511","M477T529"
"1214","M478T510","M478T521"
"1215","M479T327","M479T286"
"1216","M479T606","M479T625"
"1217","M479T515","M479T444"
"1218","M479T372","M479T392"
"1219","M479T174","M479T176"
"1220","M479T794","M479T789"
"1221","M479T616","M479T627"
"1222","M480T348_1","M480T359_1"
"1223","M480T348_2","M480T359_2"
"1224","M480T144","M480T146"
"1225","M480T364","M480T380"
"1226","M480T545","M480T560"
"1227","M481T476","M481T509"
"1228","M481T365","M481T374"
"1229","M481T669","M481T686"
"1230","M481T726","M481T739"
"1231","M481T511","M481T530"
"1232","M482T475","M482T491"
"1233","M482T615","M482T634"
"1234","M482T704","M482T739"
"1235","M482T511","M482T531"
"1236","M483T484","M483T501"
"1237","M483T389","M483T397"
"1238","M483T161","M483T193"
"1239","M484T568","M484T588"
"1240","M484T216","M484T190"
"1241","M484T463","M484T495"
"1242","M484T775","M484T750"
"1243","M484T674","M484T691"
"1244","M485T205","M485T179"
"1245","M485T623","M485T585"
"1246","M485T266","M485T270_2"
"1247","M485T108","M485T114"
"1248","M485T754","M485T774"
"1249","M485T666","M485T676"
"1250","M485T571","M485T593"
"1251","M486T325","M486T272"
"1252","M486T263","M486T268"
"1253","M486T347","M486T346"
"1254","M486T479","M486T596"
"1255","M486T761","M486T765"
"1256","M487T267","M487T268"
"1257","M488T772","M488T692"
"1258","M489T753","M489T769"
"1259","M489T479","M489T514"
"1260","M489T568","M489T590"
"1261","M490T244","M490T223"
"1262","M490T752","M490T751"
"1263","M490T266","M490T148"
"1264","M491T263","M491T285"
"1265","M491T282","M491T290"
"1266","M491T193","M491T191"
"1267","M491T285","M491T292"
"1268","M491T203","M491T180"
"1269","M492T550","M492T560"
"1270","M492T459","M492T475"
"1271","M492T195","M492T191"
"1272","M493T636","M493T644"
"1273","M493T278","M493T294"
"1274","M494T430","M494T449"
"1275","M494T630","M494T714"
"1276","M495T289","M495T295"
"1277","M495T481","M495T504"
"1278","M495T703","M495T704"
"1279","M496T254","M496T260"
"1280","M496T564","M496T583"
"1281","M497T268_1","M497T275_1"
"1282","M497T268_2","M497T275_2"
"1283","M497T553","M497T611"
"1284","M497T295","M497T362"
"1285","M497T99","M497T108"
"1286","M497T517","M497T562"
"1287","M498T309","M498T382"
"1288","M498T540","M498T565"
"1289","M499T350","M499T361"
"1290","M499T141","M499T146"
"1291","M499T546","M499T583"
"1292","M499T658","M499T668"
"1293","M499T459","M499T481"
"1294","M499T685","M499T696"
"1295","M500T702","M500T670"
"1296","M501T145","M501T152"
"1297","M501T690","M501T706"
"1298","M501T582","M501T611"
"1299","M501T466","M501T473"
"1300","M502T624","M502T610"
"1301","M503T675","M503T696"
"1302","M503T834","M503T843"
"1303","M503T526","M503T544"
"1304","M503T345_2","M503T355_2"
"1305","M504T570","M504T577"
"1306","M504T687","M504T692"
"1307","M504T526","M504T543"
"1308","M505T285_1","M505T292_1"
"1309","M505T580","M505T580"
"1310","M505T351","M505T362"
"1311","M506T121","M506T145"
"1312","M507T372","M507T467"
"1313","M507T669","M507T666"
"1314","M508T274","M508T279"
"1315","M508T669","M508T675"
"1316","M509T571","M509T577"
"1317","M509T333","M509T403"
"1318","M509T267","M509T270"
"1319","M510T271","M510T271"
"1320","M510T569","M510T591"
"1321","M511T754","M511T750"
"1322","M512T666","M512T684"
"1323","M512T570","M512T580"
"1324","M512T780","M512T751"
"1325","M513T316","M513T324"
"1326","M513T567","M513T560"
"1327","M513T790","M513T789"
"1328","M513T688","M513T702"
"1329","M514T284","M514T292"
"1330","M514T606","M514T624"
"1331","M514T722","M514T722"
"1332","M515T202","M515T198"
"1333","M515T729","M515T633"
"1334","M515T795","M515T794"
"1335","M515T721","M515T721"
"1336","M516T370","M516T386"
"1337","M516T204","M516T199"
"1338","M516T282","M516T314"
"1339","M516T709","M516T713"
"1340","M517T303","M517T309"
"1341","M517T696","M517T702"
"1342","M517T370","M517T385"
"1343","M518T302","M518T315"
"1344","M518T645","M518T529"
"1345","M518T331","M518T337_2"
"1346","M518T426","M518T446"
"1347","M518T790","M518T792"
"1348","M519T249","M519T247"
"1349","M519T169","M519T176"
"1350","M519T603","M519T586"
"1351","M519T785","M519T794"
"1352","M520T573","M520T544"
"1353","M521T593","M521T539"
"1354","M521T706","M521T809"
"1355","M521T724","M521T724"
"1356","M522T301","M522T308"
"1357","M522T272","M522T279"
"1358","M522T511","M522T396"
"1359","M523T287","M523T297"
"1360","M523T646","M523T658"
"1361","M523T554","M523T576"
"1362","M524T378","M524T396"
"1363","M524T686","M524T697"
"1364","M524T299","M524T301"
"1365","M524T555","M524T557"
"1366","M525T462","M525T477"
"1367","M525T280","M525T302"
"1368","M525T679","M525T768"
"1369","M525T527","M525T545"
"1370","M526T660","M526T675"
"1371","M526T550","M526T573"
"1372","M526T457","M526T478"
"1373","M527T321","M527T329"
"1374","M527T133","M527T108"
"1375","M527T749","M527T743"
"1376","M527T493","M527T514_1"
"1377","M529T268","M529T290"
"1378","M529T687","M529T699"
"1379","M529T684","M529T730"
"1380","M529T582","M529T594"
"1381","M530T674","M530T737"
"1382","M530T581","M530T593"
"1383","M532T662","M532T672"
"1384","M532T517","M532T549"
"1385","M532T283","M532T289"
"1386","M533T138","M533T137"
"1387","M533T760","M533T774"
"1388","M533T659","M533T678"
"1389","M534T325","M534T333"
"1390","M534T138","M534T137"
"1391","M534T495","M534T537"
"1392","M534T744","M534T737"
"1393","M535T329","M535T341"
"1394","M536T268","M536T274"
"1395","M536T518","M536T540"
"1396","M536T778","M536T777"
"1397","M537T271","M537T281"
"1398","M537T211","M537T212"
"1399","M537T353","M537T269"
"1400","M538T595","M538T597"
"1401","M538T245","M538T242"
"1402","M539T338","M539T343"
"1403","M539T439","M539T447"
"1404","M539T246","M539T240"
"1405","M540T290","M540T311"
"1406","M540T589","M540T605"
"1407","M540T870","M540T791"
"1408","M541T261","M541T295"
"1409","M541T527","M541T545"
"1410","M542T283","M542T291"
"1411","M543T284_1","M543T290_1"
"1412","M543T284_2","M543T290_2"
"1413","M543T116","M543T118"
"1414","M543T276","M543T285"
"1415","M543T426","M543T443"
"1416","M543T777","M543T793"
"1417","M543T583","M543T604"
"1418","M544T249","M544T278"
"1419","M545T629","M545T647"
"1420","M545T531","M545T539"
"1421","M545T396","M545T412"
"1422","M546T334","M546T406"
"1423","M546T534","M546T580"
"1424","M547T282_1","M547T288_1"
"1425","M547T426","M547T445"
"1426","M547T282_2","M547T288_2"
"1427","M547T281","M547T287"
"1428","M548T281","M548T287"
"1429","M548T302","M548T310"
"1430","M548T429","M548T447"
"1431","M549T284","M549T291"
"1432","M549T955","M549T926"
"1433","M549T297","M549T309"
"1434","M549T744","M549T738"
"1435","M549T392","M549T407"
"1436","M550T392","M550T407"
"1437","M550T293_2","M550T300"
"1438","M550T932","M550T893"
"1439","M550T313","M550T320"
"1440","M551T351","M551T361"
"1441","M552T269","M552T275"
"1442","M552T619","M552T612"
"1443","M553T737","M553T732"
"1444","M554T303","M554T350"
"1445","M554T735","M554T733"
"1446","M554T593","M554T531"
"1447","M554T667","M554T610"
"1448","M555T332","M555T293"
"1449","M555T785","M555T760"
"1450","M555T516","M555T531"
"1451","M555T637","M555T644"
"1452","M555T403","M555T420"
"1453","M556T789","M556T771"
"1454","M557T696","M557T759"
"1455","M557T555","M557T572"
"1456","M558T273","M558T280"
"1457","M558T665","M558T677"
"1458","M558T647","M558T658"
"1459","M559T289","M559T296"
"1460","M559T332","M559T295"
"1461","M560T292","M560T306_2"
"1462","M560T357_1","M560T370"
"1463","M561T559","M561T568"
"1464","M561T438","M561T389"
"1465","M561T777","M561T776"
"1466","M562T392","M562T424"
"1467","M562T465","M562T483"
"1468","M562T672","M562T683"
"1469","M563T672","M563T682"
"1470","M563T648","M563T687"
"1471","M564T424","M564T444"
"1472","M564T384","M564T397"
"1473","M564T680","M564T686"
"1474","M564T269","M564T276"
"1475","M565T303","M565T225"
"1476","M565T641","M565T653"
"1477","M565T449","M565T481"
"1478","M566T454","M566T484"
"1479","M566T291","M566T298"
"1480","M566T753","M566T754"
"1481","M566T673","M566T687"
"1482","M567T194","M567T130"
"1483","M567T658","M567T661"
"1484","M568T276","M568T282"
"1485","M568T274","M568T281_1"
"1486","M568T412","M568T429"
"1487","M568T781","M568T776"
"1488","M569T340","M569T351"
"1489","M569T262","M569T267"
"1490","M569T571","M569T591"
"1491","M569T759","M569T757"
"1492","M569T526","M569T545"
"1493","M570T272_1","M570T280"
"1494","M570T272_2","M570T278"
"1495","M571T307","M571T315"
"1496","M571T356","M571T362"
"1497","M571T633","M571T642"
"1498","M571T484","M571T532"
"1499","M572T441","M572T468"
"1500","M572T309","M572T316"
"1501","M573T364","M573T378"
"1502","M573T412","M573T305"
"1503","M573T675","M573T692"
"1504","M573T778","M573T777"
"1505","M574T281","M574T295"
"1506","M574T778","M574T777"
"1507","M575T329","M575T339"
"1508","M575T225","M575T228"
"1509","M576T223","M576T223"
"1510","M576T625","M576T636"
"1511","M578T644","M578T653"
"1512","M578T543","M578T554"
"1513","M578T264","M578T271"
"1514","M579T312","M579T322"
"1515","M579T685","M579T568"
"1516","M579T449","M579T467"
"1517","M580T384_1","M580T400"
"1518","M580T772","M580T774"
"1519","M580T685","M580T691"
"1520","M580T278","M580T286"
"1521","M580T384_2","M580T414_2"
"1522","M581T280","M581T288"
"1523","M581T288","M581T295"
"1524","M581T383","M581T395"
"1525","M581T551","M581T541"
"1526","M582T288","M582T296"
"1527","M582T340","M582T353"
"1528","M582T573","M582T583"
"1529","M583T423_1","M583T444"
"1530","M583T333","M583T339"
"1531","M583T155","M583T157"
"1532","M583T532","M583T552"
"1533","M584T328","M584T340"
"1534","M584T778","M584T777"
"1535","M584T670","M584T663"
"1536","M584T563","M584T575"
"1537","M585T358","M585T369"
"1538","M585T552","M585T560"
"1539","M585T749","M585T778"
"1540","M585T379","M585T392"
"1541","M587T307","M587T315"
"1542","M587T290","M587T297"
"1543","M587T505","M587T521"
"1544","M588T290","M588T298"
"1545","M588T465","M588T572"
"1546","M590T305","M590T314"
"1547","M591T555","M591T571"
"1548","M592T563","M592T582"
"1549","M592T745","M592T736"
"1550","M593T481","M593T502"
"1551","M593T750","M593T741"
"1552","M594T750","M594T778"
"1553","M594T608","M594T615"
"1554","M597T343","M597T355"
"1555","M597T310","M597T320"
"1556","M597T749","M597T746"
"1557","M598T308","M598T318"
"1558","M598T373","M598T388"
"1559","M598T768","M598T771"
"1560","M598T674","M598T687"
"1561","M599T278","M599T286"
"1562","M599T681","M599T686"
"1563","M600T281_1","M600T287_1"
"1564","M600T281_2","M600T287_2"
"1565","M600T280","M600T286"
"1566","M601T645","M601T658"
"1567","M601T156","M601T141"
"1568","M602T161","M602T172"
"1569","M602T545","M602T560"
"1570","M602T137","M602T141"
"1571","M602T391","M602T396"
"1572","M602T624","M602T652"
"1573","M603T269","M603T271"
"1574","M603T98","M603T103"
"1575","M603T620","M603T647"
"1576","M604T618","M604T650"
"1577","M605T345","M605T434"
"1578","M605T693","M605T697"
"1579","M606T349","M606T362"
"1580","M606T290_1","M606T297"
"1581","M606T757","M606T810"
"1582","M607T273","M607T280_1"
"1583","M607T324","M607T335"
"1584","M607T759","M607T749"
"1585","M608T273_1","M608T280_1"
"1586","M608T275","M608T281"
"1587","M608T678","M608T684"
"1588","M608T273_2","M608T280_2"
"1589","M608T554","M608T570"
"1590","M609T273","M609T280"
"1591","M609T579","M609T584"
"1592","M609T131","M609T130"
"1593","M609T667","M609T634"
"1594","M610T267","M610T275_1"
"1595","M610T344","M610T358_1"
"1596","M610T630","M610T633"
"1597","M610T303","M610T358_2"
"1598","M611T344","M611T358"
"1599","M611T690","M611T676"
"1600","M611T302","M611T310"
"1601","M612T646","M612T548"
"1602","M613T631","M613T644"
"1603","M614T277","M614T285_1"
"1604","M614T555","M614T569"
"1605","M614T678","M614T737"
"1606","M615T774","M615T775"
"1607","M616T455","M616T469"
"1608","M616T750","M616T773"
"1609","M617T620","M617T634"
"1610","M617T162","M617T158"
"1611","M617T455","M617T476"
"1612","M617T284","M617T292"
"1613","M618T364","M618T379"
"1614","M618T159","M618T156"
"1615","M618T358","M618T372"
"1616","M618T623","M618T594"
"1617","M619T315","M619T325_1"
"1618","M619T316","M619T325_2"
"1619","M619T662","M619T762"
"1620","M620T316","M620T325"
"1621","M620T767","M620T832"
"1622","M620T643","M620T699"
"1623","M621T767","M621T828"
"1624","M621T273","M621T278"
"1625","M622T547","M622T564"
"1626","M623T352","M623T356"
"1627","M623T260","M623T262"
"1628","M624T321","M624T332"
"1629","M624T373","M624T262"
"1630","M624T717","M624T752"
"1631","M624T624","M624T647"
"1632","M625T113","M625T120"
"1633","M626T514","M626T551"
"1634","M626T777","M626T778"
"1635","M626T280","M626T286"
"1636","M627T451","M627T555"
"1637","M627T279","M627T284"
"1638","M629T269_1","M629T275_1"
"1639","M629T269_2","M629T275_2"
"1640","M629T421","M629T440"
"1641","M630T445","M630T462"
"1642","M631T373","M631T389"
"1643","M631T783","M631T781"
"1644","M632T675","M632T679"
"1645","M633T675","M633T678"
"1646","M634T691","M634T692"
"1647","M635T338","M635T349"
"1648","M635T779","M635T781"
"1649","M635T689","M635T686"
"1650","M635T330","M635T339"
"1651","M636T328","M636T335"
"1652","M636T768","M636T767"
"1653","M637T777","M637T776"
"1654","M638T578_1","M638T583"
"1655","M638T723","M638T719"
"1656","M639T578_1","M639T583_1"
"1657","M639T578_2","M639T583_2"
"1658","M639T673","M639T668"
"1659","M639T777","M639T776"
"1660","M640T312","M640T321"
"1661","M640T583","M640T657"
"1662","M640T739","M640T735"
"1663","M641T673","M641T684"
"1664","M642T323","M642T332"
"1665","M642T286","M642T289"
"1666","M642T731","M642T734"
"1667","M643T753","M643T736"
"1668","M647T800","M647T799"
"1669","M648T737","M648T721"
"1670","M649T769","M649T768"
"1671","M650T617","M650T629"
"1672","M651T332","M651T328"
"1673","M651T261","M651T265"
"1674","M651T170","M651T174"
"1675","M651T615","M651T627"
"1676","M652T171","M652T176"
"1677","M652T566","M652T581"
"1678","M654T736","M654T774"
"1679","M654T704","M654T706"
"1680","M655T305","M655T312"
"1681","M656T306","M656T316"
"1682","M656T770","M656T766"
"1683","M657T101","M657T105"
"1684","M657T378","M657T392"
"1685","M657T301","M657T309"
"1686","M657T565","M657T580"
"1687","M658T364","M658T377"
"1688","M663T343","M663T355"
"1689","M663T537","M663T556"
"1690","M664T346","M664T357"
"1691","M664T279_2","M664T285"
"1692","M664T623","M664T639"
"1693","M665T620","M665T639"
"1694","M669T736","M669T737"
"1695","M672T299","M672T306"
"1696","M673T298","M673T305"
"1697","M675T345","M675T337"
"1698","M675T387","M675T411"
"1699","M676T733","M676T733"
"1700","M679T372","M679T387"
"1701","M680T619","M680T638"
"1702","M681T387","M681T403"
"1703","M682T718","M682T715"
"1704","M682T433","M682T449"
"1705","M683T718","M683T715"
"1706","M687T737","M687T737"
"1707","M688T278","M688T286"
"1708","M688T737","M688T738"
"1709","M689T309","M689T316"
"1710","M689T304","M689T310"
"1711","M689T737","M689T738"
"1712","M690T795","M690T794"
"1713","M691T122","M691T127"
"1714","M692T376","M692T389"
"1715","M693T276","M693T283"
"1716","M693T267","M693T274"
"1717","M694T314_1","M694T323"
"1718","M694T314_2","M694T324"
"1719","M694T651","M694T664"
"1720","M695T314_1","M695T324_1"
"1721","M695T314_2","M695T324_2"
"1722","M695T317","M695T326"
"1723","M695T795","M695T794"
"1724","M696T443","M696T463"
"1725","M696T575","M696T590"
"1726","M697T104","M697T109"
"1727","M698T739","M698T738"
"1728","M699T739","M699T737"
"1729","M700T710","M700T714"
"1730","M701T710","M701T714"
"1731","M701T575","M701T590"
"1732","M705T482","M705T499"
"1733","M707T396","M707T408"
"1734","M708T397","M708T408_1"
"1735","M712T341","M712T351"
"1736","M713T440","M713T457"
"1737","M713T340","M713T346"
"1738","M713T314","M713T323"
"1739","M714T427","M714T310"
"1740","M715T313","M715T320"
"1741","M715T606","M715T621"
"1742","M718T307","M718T315"
"1743","M718T643","M718T655"
"1744","M719T350","M719T356"
"1745","M719T711","M719T737"
"1746","M720T710","M720T714"
"1747","M720T711","M720T731"
"1748","M720T360","M720T372"
"1749","M721T360_1","M721T372_1"
"1750","M721T447_1","M721T461"
"1751","M721T447_2","M721T462"
"1752","M721T360_2","M721T372_2"
"1753","M722T710","M722T714"
"1754","M726T329","M726T338"
"1755","M726T420","M726T436"
"1756","M730T327_1","M730T335_1"
"1757","M730T327_2","M730T336"
"1758","M730T327_3","M730T335_2"
"1759","M732T609","M732T627"
"1760","M733T260","M733T261"
"1761","M737T336","M737T312"
"1762","M738T305","M738T314_1"
"1763","M738T306","M738T314_2"
"1764","M738T710","M738T714"
"1765","M738T643","M738T656"
"1766","M739T306_1","M739T315_1"
"1767","M739T306_2","M739T315_2"
"1768","M742T330","M742T341"
"1769","M742T471","M742T490"
"1770","M743T327","M743T337"
"1771","M744T328_1","M744T337"
"1772","M744T328_2","M744T338_1"
"1773","M744T326","M744T338_2"
"1774","M749T593","M749T611"
"1775","M750T593","M750T611"
"1776","M751T294_1","M751T300"
"1777","M751T294_2","M751T301_1"
"1778","M751T294_3","M751T301_2"
"1779","M752T293","M752T300"
"1780","M753T349","M753T360"
"1781","M755T438","M755T454"
"1782","M755T795","M755T794"
"1783","M756T337","M756T348"
"1784","M756T295","M756T302"
"1785","M756T293","M756T299"
"1786","M757T288","M757T294"
"1787","M757T372","M757T384"
"1788","M759T724","M759T721"
"1789","M760T341","M760T351"
"1790","M760T333","M760T346"
"1791","M761T723","M761T789"
"1792","M762T305","M762T314_1"
"1793","M762T306","M762T314_2"
"1794","M762T307","M762T316"
"1795","M763T417_1","M763T435"
"1796","M763T417_2","M763T432"
"1797","M764T418","M764T436"
"1798","M764T795","M764T793"
"1799","M765T795_1","M765T794_1"
"1800","M765T795_2","M765T794_2"
"1801","M767T303","M767T295"
"1802","M769T707","M769T736"
"1803","M770T708","M770T710"
"1804","M771T462","M771T515"
"1805","M781T309","M781T318"
"1806","M781T723","M781T721"
"1807","M784T267","M784T275"
"1808","M787T565_1","M787T573"
"1809","M787T565_2","M787T574_1"
"1810","M787T565_3","M787T574_2"
"1811","M789T320","M789T330"
"1812","M790T320_1","M790T329"
"1813","M790T320_2","M790T328"
"1814","M791T338_1","M791T348"
"1815","M798T710","M798T714"
"1816","M799T434","M799T451_2"
"1817","M806T340_1","M806T351"
"1818","M813T280","M813T288"
"1819","M813T281","M813T289"
"1820","M813T710","M813T714"
"1821","M815T311","M815T320"
"1822","M815T347","M815T351"
"1823","M817T412","M817T428"
"1824","M817T410","M817T423"
"1825","M818T795","M818T794"
"1826","M818T468","M818T482"
"1827","M819T338","M819T349"
"1828","M827T422_1","M827T439"
"1829","M827T422_2","M827T440"
"1830","M828T626_1","M828T623"
"1831","M828T626_2","M828T629"
"1832","M839T503","M839T520"
"1833","M841T365","M841T377"
"1834","M842T365_1","M842T378"
"1835","M843T320","M843T333"
"1836","M844T321","M844T330"
"1837","M850T295_1","M850T303"
"1838","M850T295_2","M850T304"
"1839","M855T315","M855T324"
"1840","M858T605_1","M858T615_1"
"1841","M858T605_2","M858T615_2"
"1842","M858T606","M858T615_3"
"1843","M867T317","M867T327"
"1844","M868T317","M868T327"
"1845","M870T339_1","M870T350_1"
"1846","M870T339_2","M870T350_2"
"1847","M875T379","M875T392"
"1848","M877T378","M877T391"
"1849","M878T379","M878T392"
"1850","M878T613","M878T617"
"1851","M879T613_1","M879T617_1"
"1852","M879T613_2","M879T617_2"
"1853","M896T767","M896T763"
"1854","M897T379","M897T392"
"1855","M902T486_2","M902T500"
"1856","M903T710","M903T714"
"1857","M910T611","M910T619_2"
"1858","M918T767","M918T763"
"1859","M926T484","M926T502"
"1860","M927T484","M927T501"
"1861","M928T448","M928T468"
"1862","M929T448_1","M929T467_1"
"1863","M929T549","M929T574"
"1864","M929T448_2","M929T467_2"
"1865","M951T754","M951T754"
"1866","M956T754","M955T754"
"1867","M957T578_1","M957T583_1"
"1868","M957T754","M957T754"
"1869","M957T578_2","M957T583_2"
